[{"model": "admin.logentry", "pk": 1, "fields": {"action_time": "2026-03-15T12:14:44.742Z", "user": 1, "content_type": 10, "object_id": "1", "object_repr": "Umum", "action_flag": 1, "change_message": "[{\"added\": {}}]"}}, {"model": "admin.logentry", "pk": 2, "fields": {"action_time": "2026-03-15T12:15:11.358Z", "user": 1, "content_type": 12, "object_id": "1", "object_repr": "Tes", "action_flag": 1, "change_message": "[{\"added\": {}}]"}}, {"model": "admin.logentry", "pk": 3, "fields": {"action_time": "2026-03-15T12:15:23.801Z", "user": 1, "content_type": 14, "object_id": "1", "object_repr": "Umum", "action_flag": 1, "change_message": "[{\"added\": {}}]"}}, {"model": "admin.logentry", "pk": 4, "fields": {"action_time": "2026-03-15T12:15:51.252Z", "user": 1, "content_type": 16, "object_id": "1", "object_repr": "Tes", "action_flag": 1, "change_message": "[{\"added\": {}}]"}}, {"model": "admin.logentry", "pk": 5, "fields": {"action_time": "2026-03-16T13:39:17.055Z", "user": 1, "content_type": 9, "object_id": "2", "object_repr": "Roni", "action_flag": 3, "change_message": ""}}, {"model": "admin.logentry", "pk": 6, "fields": {"action_time": "2026-03-16T20:59:18.831Z", "user": 1, "content_type": 9, "object_id": "4", "object_repr": "Boni", "action_flag": 3, "change_message": ""}}, {"model": "admin.logentry", "pk": 7, "fields": {"action_time": "2026-03-16T20:59:18.831Z", "user": 1, "content_type": 9, "object_id": "6", "object_repr": "Maman", "action_flag": 3, "change_message": ""}}, {"model": "admin.logentry", "pk": 8, "fields": {"action_time": "2026-03-16T20:59:18.831Z", "user": 1, "content_type": 9, "object_id": "5", "object_repr": "Rafly", "action_flag": 3, "change_message": ""}}, {"model": "admin.logentry", "pk": 9, "fields": {"action_time": "2026-03-16T20:59:18.831Z", "user": 1, "content_type": 9, "object_id": "3", "object_repr": "Roni", "action_flag": 3, "change_message": ""}}, {"model": "admin.logentry", "pk": 10, "fields": {"action_time": "2026-03-16T20:59:42.099Z", "user": 1, "content_type": 9, "object_id": "1", "object_repr": "admin", "action_flag": 2, "change_message": "[{\"changed\": {\"fields\": [\"Role\"]}}]"}}, {"model": "admin.logentry", "pk": 11, "fields": {"action_time": "2026-03-16T21:11:03.770Z", "user": 1, "content_type": 9, "object_id": "7", "object_repr": "rafly", "action_flag": 1, "change_message": "[{\"added\": {}}]"}}, {"model": "admin.logentry", "pk": 12, "fields": {"action_time": "2026-03-16T21:11:25.319Z", "user": 1, "content_type": 9, "object_id": "7", "object_repr": "rafly", "action_flag": 2, "change_message": "[]"}}, {"model": "admin.logentry", "pk": 13, "fields": {"action_time": "2026-03-16T21:30:18.442Z", "user": 1, "content_type": 9, "object_id": "7", "object_repr": "Rafly", "action_flag": 2, "change_message": "[{\"changed\": {\"fields\": [\"Username\"]}}]"}}, {"model": "admin.logentry", "pk": 14, "fields": {"action_time": "2026-03-16T21:31:08.261Z", "user": 1, "content_type": 9, "object_id": "8", "object_repr": "Maman", "action_flag": 2, "change_message": "[{\"changed\": {\"fields\": [\"password\"]}}]"}}, {"model": "admin.logentry", "pk": 15, "fields": {"action_time": "2026-03-17T13:54:47.584Z", "user": 1, "content_type": 9, "object_id": "10", "object_repr": "Beny", "action_flag": 3, "change_message": ""}}, {"model": "admin.logentry", "pk": 16, "fields": {"action_time": "2026-03-17T13:54:47.584Z", "user": 1, "content_type": 9, "object_id": "8", "object_repr": "Maman", "action_flag": 3, "change_message": ""}}, {"model": "admin.logentry", "pk": 17, "fields": {"action_time": "2026-03-17T13:54:47.584Z", "user": 1, "content_type": 9, "object_id": "7", "object_repr": "Rafly", "action_flag": 3, "change_message": ""}}, {"model": "admin.logentry", "pk": 18, "fields": {"action_time": "2026-03-17T13:54:47.584Z", "user": 1, "content_type": 9, "object_id": "9", "object_repr": "madun", "action_flag": 3, "change_message": ""}}, {"model": "admin.logentry", "pk": 19, "fields": {"action_time": "2026-03-31T01:03:38.853Z", "user": 1, "content_type": 16, "object_id": "2", "object_repr": "Permulaan", "action_flag": 1, "change_message": "[{\"added\": {}}]"}}, {"model": "auth.permission", "pk": 1, "fields": {"name": "Can add log entry", "content_type": 1, "codename": "add_logentry"}}, {"model": "auth.permission", "pk": 2, "fields": {"name": "Can change log entry", "content_type": 1, "codename": "change_logentry"}}, {"model": "auth.permission", "pk": 3, "fields": {"name": "Can delete log entry", "content_type": 1, "codename": "delete_logentry"}}, {"model": "auth.permission", "pk": 4, "fields": {"name": "Can view log entry", "content_type": 1, "codename": "view_logentry"}}, {"model": "auth.permission", "pk": 5, "fields": {"name": "Can add permission", "content_type": 3, "codename": "add_permission"}}, {"model": "auth.permission", "pk": 6, "fields": {"name": "Can change permission", "content_type": 3, "codename": "change_permission"}}, {"model": "auth.permission", "pk": 7, "fields": {"name": "Can delete permission", "content_type": 3, "codename": "delete_permission"}}, {"model": "auth.permission", "pk": 8, "fields": {"name": "Can view permission", "content_type": 3, "codename": "view_permission"}}, {"model": "auth.permission", "pk": 9, "fields": {"name": "Can add group", "content_type": 2, "codename": "add_group"}}, {"model": "auth.permission", "pk": 10, "fields": {"name": "Can change group", "content_type": 2, "codename": "change_group"}}, {"model": "auth.permission", "pk": 11, "fields": {"name": "Can delete group", "content_type": 2, "codename": "delete_group"}}, {"model": "auth.permission", "pk": 12, "fields": {"name": "Can view group", "content_type": 2, "codename": "view_group"}}, {"model": "auth.permission", "pk": 13, "fields": {"name": "Can add content type", "content_type": 4, "codename": "add_contenttype"}}, {"model": "auth.permission", "pk": 14, "fields": {"name": "Can change content type", "content_type": 4, "codename": "change_contenttype"}}, {"model": "auth.permission", "pk": 15, "fields": {"name": "Can delete content type", "content_type": 4, "codename": "delete_contenttype"}}, {"model": "auth.permission", "pk": 16, "fields": {"name": "Can view content type", "content_type": 4, "codename": "view_contenttype"}}, {"model": "auth.permission", "pk": 17, "fields": {"name": "Can add session", "content_type": 5, "codename": "add_session"}}, {"model": "auth.permission", "pk": 18, "fields": {"name": "Can change session", "content_type": 5, "codename": "change_session"}}, {"model": "auth.permission", "pk": 19, "fields": {"name": "Can delete session", "content_type": 5, "codename": "delete_session"}}, {"model": "auth.permission", "pk": 20, "fields": {"name": "Can view session", "content_type": 5, "codename": "view_session"}}, {"model": "auth.permission", "pk": 21, "fields": {"name": "Can add user", "content_type": 9, "codename": "add_user"}}, {"model": "auth.permission", "pk": 22, "fields": {"name": "Can change user", "content_type": 9, "codename": "change_user"}}, {"model": "auth.permission", "pk": 23, "fields": {"name": "Can delete user", "content_type": 9, "codename": "delete_user"}}, {"model": "auth.permission", "pk": 24, "fields": {"name": "Can view user", "content_type": 9, "codename": "view_user"}}, {"model": "auth.permission", "pk": 25, "fields": {"name": "Can add conversation", "content_type": 6, "codename": "add_conversation"}}, {"model": "auth.permission", "pk": 26, "fields": {"name": "Can change conversation", "content_type": 6, "codename": "change_conversation"}}, {"model": "auth.permission", "pk": 27, "fields": {"name": "Can delete conversation", "content_type": 6, "codename": "delete_conversation"}}, {"model": "auth.permission", "pk": 28, "fields": {"name": "Can view conversation", "content_type": 6, "codename": "view_conversation"}}, {"model": "auth.permission", "pk": 29, "fields": {"name": "Can add message", "content_type": 8, "codename": "add_message"}}, {"model": "auth.permission", "pk": 30, "fields": {"name": "Can change message", "content_type": 8, "codename": "change_message"}}, {"model": "auth.permission", "pk": 31, "fields": {"name": "Can delete message", "content_type": 8, "codename": "delete_message"}}, {"model": "auth.permission", "pk": 32, "fields": {"name": "Can view message", "content_type": 8, "codename": "view_message"}}, {"model": "auth.permission", "pk": 33, "fields": {"name": "Can add follow", "content_type": 7, "codename": "add_follow"}}, {"model": "auth.permission", "pk": 34, "fields": {"name": "Can change follow", "content_type": 7, "codename": "change_follow"}}, {"model": "auth.permission", "pk": 35, "fields": {"name": "Can delete follow", "content_type": 7, "codename": "delete_follow"}}, {"model": "auth.permission", "pk": 36, "fields": {"name": "Can view follow", "content_type": 7, "codename": "view_follow"}}, {"model": "auth.permission", "pk": 37, "fields": {"name": "Can add category", "content_type": 10, "codename": "add_category"}}, {"model": "auth.permission", "pk": 38, "fields": {"name": "Can change category", "content_type": 10, "codename": "change_category"}}, {"model": "auth.permission", "pk": 39, "fields": {"name": "Can delete category", "content_type": 10, "codename": "delete_category"}}, {"model": "auth.permission", "pk": 40, "fields": {"name": "Can view category", "content_type": 10, "codename": "view_category"}}, {"model": "auth.permission", "pk": 41, "fields": {"name": "Can add post", "content_type": 12, "codename": "add_post"}}, {"model": "auth.permission", "pk": 42, "fields": {"name": "Can change post", "content_type": 12, "codename": "change_post"}}, {"model": "auth.permission", "pk": 43, "fields": {"name": "Can delete post", "content_type": 12, "codename": "delete_post"}}, {"model": "auth.permission", "pk": 44, "fields": {"name": "Can view post", "content_type": 12, "codename": "view_post"}}, {"model": "auth.permission", "pk": 45, "fields": {"name": "Can add comment", "content_type": 11, "codename": "add_comment"}}, {"model": "auth.permission", "pk": 46, "fields": {"name": "Can change comment", "content_type": 11, "codename": "change_comment"}}, {"model": "auth.permission", "pk": 47, "fields": {"name": "Can delete comment", "content_type": 11, "codename": "delete_comment"}}, {"model": "auth.permission", "pk": 48, "fields": {"name": "Can view comment", "content_type": 11, "codename": "view_comment"}}, {"model": "auth.permission", "pk": 49, "fields": {"name": "Can add post like", "content_type": 13, "codename": "add_postlike"}}, {"model": "auth.permission", "pk": 50, "fields": {"name": "Can change post like", "content_type": 13, "codename": "change_postlike"}}, {"model": "auth.permission", "pk": 51, "fields": {"name": "Can delete post like", "content_type": 13, "codename": "delete_postlike"}}, {"model": "auth.permission", "pk": 52, "fields": {"name": "Can view post like", "content_type": 13, "codename": "view_postlike"}}, {"model": "auth.permission", "pk": 53, "fields": {"name": "Can add category", "content_type": 14, "codename": "add_category"}}, {"model": "auth.permission", "pk": 54, "fields": {"name": "Can change category", "content_type": 14, "codename": "change_category"}}, {"model": "auth.permission", "pk": 55, "fields": {"name": "Can delete category", "content_type": 14, "codename": "delete_category"}}, {"model": "auth.permission", "pk": 56, "fields": {"name": "Can view category", "content_type": 14, "codename": "view_category"}}, {"model": "auth.permission", "pk": 57, "fields": {"name": "Can add thread", "content_type": 16, "codename": "add_thread"}}, {"model": "auth.permission", "pk": 58, "fields": {"name": "Can change thread", "content_type": 16, "codename": "change_thread"}}, {"model": "auth.permission", "pk": 59, "fields": {"name": "Can delete thread", "content_type": 16, "codename": "delete_thread"}}, {"model": "auth.permission", "pk": 60, "fields": {"name": "Can view thread", "content_type": 16, "codename": "view_thread"}}, {"model": "auth.permission", "pk": 61, "fields": {"name": "Can add reply", "content_type": 15, "codename": "add_reply"}}, {"model": "auth.permission", "pk": 62, "fields": {"name": "Can change reply", "content_type": 15, "codename": "change_reply"}}, {"model": "auth.permission", "pk": 63, "fields": {"name": "Can delete reply", "content_type": 15, "codename": "delete_reply"}}, {"model": "auth.permission", "pk": 64, "fields": {"name": "Can view reply", "content_type": 15, "codename": "view_reply"}}, {"model": "auth.permission", "pk": 65, "fields": {"name": "Can add notification", "content_type": 17, "codename": "add_notification"}}, {"model": "auth.permission", "pk": 66, "fields": {"name": "Can change notification", "content_type": 17, "codename": "change_notification"}}, {"model": "auth.permission", "pk": 67, "fields": {"name": "Can delete notification", "content_type": 17, "codename": "delete_notification"}}, {"model": "auth.permission", "pk": 68, "fields": {"name": "Can view notification", "content_type": 17, "codename": "view_notification"}}, {"model": "auth.permission", "pk": 69, "fields": {"name": "Can add report", "content_type": 18, "codename": "add_report"}}, {"model": "auth.permission", "pk": 70, "fields": {"name": "Can change report", "content_type": 18, "codename": "change_report"}}, {"model": "auth.permission", "pk": 71, "fields": {"name": "Can delete report", "content_type": 18, "codename": "delete_report"}}, {"model": "auth.permission", "pk": 72, "fields": {"name": "Can view report", "content_type": 18, "codename": "view_report"}}, {"model": "auth.permission", "pk": 73, "fields": {"name": "Can add conversation", "content_type": 19, "codename": "add_conversation"}}, {"model": "auth.permission", "pk": 74, "fields": {"name": "Can change conversation", "content_type": 19, "codename": "change_conversation"}}, {"model": "auth.permission", "pk": 75, "fields": {"name": "Can delete conversation", "content_type": 19, "codename": "delete_conversation"}}, {"model": "auth.permission", "pk": 76, "fields": {"name": "Can view conversation", "content_type": 19, "codename": "view_conversation"}}, {"model": "auth.permission", "pk": 77, "fields": {"name": "Can add message", "content_type": 20, "codename": "add_message"}}, {"model": "auth.permission", "pk": 78, "fields": {"name": "Can change message", "content_type": 20, "codename": "change_message"}}, {"model": "auth.permission", "pk": 79, "fields": {"name": "Can delete message", "content_type": 20, "codename": "delete_message"}}, {"model": "auth.permission", "pk": 80, "fields": {"name": "Can view message", "content_type": 20, "codename": "view_message"}}, {"model": "auth.permission", "pk": 81, "fields": {"name": "Can add admin log", "content_type": 21, "codename": "add_adminlog"}}, {"model": "auth.permission", "pk": 82, "fields": {"name": "Can change admin log", "content_type": 21, "codename": "change_adminlog"}}, {"model": "auth.permission", "pk": 83, "fields": {"name": "Can delete admin log", "content_type": 21, "codename": "delete_adminlog"}}, {"model": "auth.permission", "pk": 84, "fields": {"name": "Can view admin log", "content_type": 21, "codename": "view_adminlog"}}, {"model": "contenttypes.contenttype", "pk": 1, "fields": {"app_label": "admin", "model": "logentry"}}, {"model": "contenttypes.contenttype", "pk": 2, "fields": {"app_label": "auth", "model": "group"}}, {"model": "contenttypes.contenttype", "pk": 3, "fields": {"app_label": "auth", "model": "permission"}}, {"model": "contenttypes.contenttype", "pk": 4, "fields": {"app_label": "contenttypes", "model": "contenttype"}}, {"model": "contenttypes.contenttype", "pk": 5, "fields": {"app_label": "sessions", "model": "session"}}, {"model": "contenttypes.contenttype", "pk": 6, "fields": {"app_label": "accounts", "model": "conversation"}}, {"model": "contenttypes.contenttype", "pk": 7, "fields": {"app_label": "accounts", "model": "follow"}}, {"model": "contenttypes.contenttype", "pk": 8, "fields": {"app_label": "accounts", "model": "message"}}, {"model": "contenttypes.contenttype", "pk": 9, "fields": {"app_label": "accounts", "model": "user"}}, {"model": "contenttypes.contenttype", "pk": 10, "fields": {"app_label": "blog", "model": "category"}}, {"model": "contenttypes.contenttype", "pk": 11, "fields": {"app_label": "blog", "model": "comment"}}, {"model": "contenttypes.contenttype", "pk": 12, "fields": {"app_label": "blog", "model": "post"}}, {"model": "contenttypes.contenttype", "pk": 13, "fields": {"app_label": "blog", "model": "postlike"}}, {"model": "contenttypes.contenttype", "pk": 14, "fields": {"app_label": "forum", "model": "category"}}, {"model": "contenttypes.contenttype", "pk": 15, "fields": {"app_label": "forum", "model": "reply"}}, {"model": "contenttypes.contenttype", "pk": 16, "fields": {"app_label": "forum", "model": "thread"}}, {"model": "contenttypes.contenttype", "pk": 17, "fields": {"app_label": "notifications", "model": "notification"}}, {"model": "contenttypes.contenttype", "pk": 18, "fields": {"app_label": "moderation", "model": "report"}}, {"model": "contenttypes.contenttype", "pk": 19, "fields": {"app_label": "chat", "model": "conversation"}}, {"model": "contenttypes.contenttype", "pk": 20, "fields": {"app_label": "chat", "model": "message"}}, {"model": "contenttypes.contenttype", "pk": 21, "fields": {"app_label": "accounts", "model": "adminlog"}}, {"model": "sessions.session", "pk": "0yckli33jmki121hvaczld6y3pnvldqi", "fields": {"session_data": ".eJxVi0sOwiAQQO_C2jQDLQXcWQ9CZgYmGGObCKyMd9cmXej2fV4qYm8l9pqf8ZbUWWl1-mWEfM_rLpB562urw4HqcO21bY_Lt12O6m8tWMv-OS8BBTk5aykYDYZTAJOF2AOMNBsRmZIlBHSzJ0iUnIxTmIImDer9Aa_7No8:1w6q8x:uYE5JqMFupJUtpBG2u9vT6vhvrfseAtEuxgRpCRFPuA", "expire_date": "2026-04-12T13:25:31.957Z"}}, {"model": "sessions.session", "pk": "2q6t3abhdxx1pbo7y0q8kagg1uldodkh", "fields": {"session_data": ".eJxVi0sOwiAQQO_C2jQDLQXcWQ9CZgYmGGObCKyMd9cmXej2fV4qYm8l9pqf8ZbUWWl1-mWEfM_rLpB562urw4HqcO21bY_Lt12O6m8tWMv-OS8BBTk5aykYDYZTAJOF2AOMNBsRmZIlBHSzJ0iUnIxTmIImDer9Aa_7No8:1w7PAH:o0R9o6HNywheHIRTqwrEHyK_oFVDbJZNgtu7XVJJpjM", "expire_date": "2026-04-14T02:49:13.965Z"}}, {"model": "sessions.session", "pk": "39q789g15bap2hykmm3kzb87g4g52lrx", "fields": {"session_data": ".eJxVi0sOwiAQQO_C2jQDLQXcWQ9CZgYmGGObCKyMd9cmXej2fV4qYm8l9pqf8ZbUWWl1-mWEfM_rLpB562urw4HqcO21bY_Lt12O6m8tWMv-OS8BBTk5aykYDYZTAJOF2AOMNBsRmZIlBHSzJ0iUnIxTmIImDer9Aa_7No8:1w6UYs:QWX9iD2EvuKOkFPkNL0Fm872K4IejS3mZjSLhXrkO4M", "expire_date": "2026-04-11T14:22:50.323Z"}}, {"model": "sessions.session", "pk": "3hoq6rixfzgvj0du6izn1h1mcq9qh1gj", "fields": {"session_data": ".eJxVi80OwiAMgN-Fs1mADku9qQ9CurIGY9wSgZPx3Z3JDnr9fl4mcW8l9To_0y2bk3HOHH7hxHKfl69hkbUvrQ47qsO117Y-zlt72au_tXAt2wcaM40oFJHUi-eRAEPORFnBB7EappiBkJGOAGRJ2TsUVAJWsub9AaLbNbg:1w3vut:T-WonGs0IRtkATVBK26EezbONLDJBDvOkEMczlpeae8", "expire_date": "2026-04-04T12:58:59.540Z"}}, {"model": "sessions.session", "pk": "3l98dgth8rnqk2os7uxrlkcghumxfrcp", "fields": {"session_data": ".eJxVi0sOwiAQQO_C2jR8OtBxZz0IYQYIxtgmAivj3cWkC92-z0v40Fvxvaanv0VxFkqcfhkFvqftKwLz3rdWpwPV6dpr2x-X0a5H9beWUMv4ADPYRSarrWQjVaQ5MSjMnGbUFI1Bh-iWATiBJR0NzQQA2jjIyor3B3qgNWg:1w1pOs:UeJchnw4zaP_DG0HgPVOnbrQm0WFjtW_y1JnuGvTA-M", "expire_date": "2026-03-29T17:37:14.298Z"}}, {"model": "sessions.session", "pk": "3nntcd08zwe27tmouz63s796gtpdatxk", "fields": {"session_data": ".eJxVi0sOwiAQQO_C2jQDLQXcWQ9CZgYmGGObCKyMd9cmXej2fV4qYm8l9pqf8ZbUWWl1-mWEfM_rLpB562urw4HqcO21bY_Lt12O6m8tWMv-OS8BBTk5aykYDYZTAJOF2AOMNBsRmZIlBHSzJ0iUnIxTmIImDer9Aa_7No8:1w6qfL:ridiIkiQFvCnL33FSEAtPIlF1ZLfQDZXc8i302K9jpo", "expire_date": "2026-04-12T13:58:59.328Z"}}, {"model": "sessions.session", "pk": "4lr4iazmj9abbwfhvnxyo8dx852sncln", "fields": {"session_data": ".eJxVi80OwiAMgN-Fs1lWtjLw5nwQ0nZdMMYtETgZ311MdtDr9_MykWpJsWZ9xttizgZ6c_qFTHLX7WtIZK9byd2BcnetueyPS2vno_pbE-XUvomDMoTAFnHxiIAQPKnIyJYaAFw99kTkApD0OIlzfmUdxQ6AOpj3B6t9Ng8:1w2QXA:8hdh1rX0SY-mu9A-D9RVDGAA-JJT6kb8KJvXdNvNaTc", "expire_date": "2026-03-31T09:16:16.532Z"}}, {"model": "sessions.session", "pk": "5r906p472j381i9k99dxj7pmgvcrx1i7", "fields": {"session_data": ".eJxVi80OwiAMgN-Fs1naARv1pj4IqYUGY9wSgZPx3Z3JDnr9fl4mcm8l9pqf8ZbM0eBoDr_wynLPy9ewyNqXVocd1eHSa1sfp60979XfWriW7SP0KXkCQoBgQRQkhMmjoJ1UcgInqDNw8iIELo9OA1tLc1YFIjDvD5PSNa8:1w4C5K:Gn6ITnvTmJanz0x6iO-INUn1OP-ye0EEJ27pigNhWdc", "expire_date": "2026-04-05T06:14:50.100Z"}}, {"model": "sessions.session", "pk": "60cj9nnresl3dn9ijf50uuighcdanz30", "fields": {"session_data": ".eJxVi80OwiAMgN-Fs1mADku9qQ9CurIGY9wSgZPx3Z3JDnr9fl4mcW8l9To_0y2bk3HOHH7hxHKfl69hkbUvrQ47qsO117Y-zlt72au_tXAt2wcaM40oFJHUi-eRAEPORFnBB7EappiBkJGOAGRJ2TsUVAJWsub9AaLbNbg:1w4KjZ:je9FwMwDN2nwvvlU3P-EIYbCkJeI6qfceztxj04lvFA", "expire_date": "2026-04-05T15:28:57.204Z"}}, {"model": "sessions.session", "pk": "67iu7uxf2jmwtaavgcoau5cjuckf4rdt", "fields": {"session_data": ".eJxVi0sOwiAQQO_C2jQDLQXcWQ9CZgYmGGObCKyMd9cmXej2fV4qYm8l9pqf8ZbUWWl1-mWEfM_rLpB562urw4HqcO21bY_Lt12O6m8tWMv-OS8BBTk5aykYDYZTAJOF2AOMNBsRmZIlBHSzJ0iUnIxTmIImDer9Aa_7No8:1w7aFD:PL6udRn8idK3TUfocq31BYflYNFrUp_aIG7ZS76QB7k", "expire_date": "2026-04-14T14:39:03.321Z"}}, {"model": "sessions.session", "pk": "68g9q3n9ytq7a0mh5cufyw4u11qu7a3f", "fields": {"session_data": ".eJxVi0sOwiAQQO_C2jR8OtBxZz0IYQYIxtgmAivj3cWkC92-z0v40Fvxvaanv0VxFkqcfhkFvqftKwLz3rdWpwPV6dpr2x-X0a5H9beWUMv4ADPYRSarrWQjVaQ5MSjMnGbUFI1Bh-iWATiBJR0NzQQA2jjIyor3B3qgNWg:1w1wS8:wZ-MY2kR3BT-gQY2reR_Tnkqhu7QAuQmWVqMDRzruUU", "expire_date": "2026-03-30T01:09:04.209Z"}}, {"model": "sessions.session", "pk": "7igmsjtonsrl5s6cckom0r1sxermc6wk", "fields": {"session_data": ".eJxVi0sOwiAQQO_C2jR8OtBxZz0IYQYIxtgmAivj3cWkC92-z0v40Fvxvaanv0VxFkqcfhkFvqftKwLz3rdWpwPV6dpr2x-X0a5H9beWUMv4ADPYRSarrWQjVaQ5MSjMnGbUFI1Bh-iWATiBJR0NzQQA2jjIyor3B3qgNWg:1w1pK2:zT3Q-JYWpna2J3egoV1zLEcQoPm6ggH5vEWFq2PJ5Vc", "expire_date": "2026-03-29T17:32:14.707Z"}}, {"model": "sessions.session", "pk": "81zya91wm22umxnnz1s4an3csw0dafi4", "fields": {"session_data": ".eJxVi80OwiAMgN-Fs1naARv1pj4IqYUGY9wSgZPx3Z3JDnr9fl4mcm8l9pqf8ZbM0eBoDr_wynLPy9ewyNqXVocd1eHSa1sfp60979XfWriW7SP0KXkCQoBgQRQkhMmjoJ1UcgInqDNw8iIELo9OA1tLc1YFIjDvD5PSNa8:1w4Kz7:h32q54l65uoJpqC6jGIqRiD8t3C90xbORtJV89CSWas", "expire_date": "2026-04-05T15:45:01.083Z"}}, {"model": "sessions.session", "pk": "8f0z7ew68eex5tcd7l73cb6oj28ii9kp", "fields": {"session_data": ".eJxVi0sOwiAQQO_C2jQDLQXcWQ9CZgYmGGObCKyMd9cmXej2fV4qYm8l9pqf8ZbUWWl1-mWEfM_rLpB562urw4HqcO21bY_Lt12O6m8tWMv-OS8BBTk5aykYDYZTAJOF2AOMNBsRmZIlBHSzJ0iUnIxTmIImDer9Aa_7No8:1w6ptP:U73xPPRz3xX5cKJQJ4VULdijlitKx8_j1Iacem55s5s", "expire_date": "2026-04-12T13:09:27.584Z"}}, {"model": "sessions.session", "pk": "afzvlfg4qy58d6modh4aeqwnpqt3pmqq", "fields": {"session_data": ".eJxVi0sOwiAQQO_C2jR8OtBxZz0IYQYIxtgmAivj3cWkC92-z0v40Fvxvaanv0VxFkqcfhkFvqftKwLz3rdWpwPV6dpr2x-X0a5H9beWUMv4ADPYRSarrWQjVaQ5MSjMnGbUFI1Bh-iWATiBJR0NzQQA2jjIyor3B3qgNWg:1w1o77:quWwVlzQ_TPDDDDvnrBMqjKNFO0kB8tiwrY3jXJ2Cmw", "expire_date": "2026-03-29T16:14:49.605Z"}}, {"model": "sessions.session", "pk": "aoscbg2c518vhbssx1ebrtwp0u0vo5hf", "fields": {"session_data": ".eJxVi0sOwiAQQO_C2jQDLQXcWQ9CZgYmGGObCKyMd9cmXej2fV4qYm8l9pqf8ZbUWWl1-mWEfM_rLpB562urw4HqcO21bY_Lt12O6m8tWMv-OS8BBTk5aykYDYZTAJOF2AOMNBsRmZIlBHSzJ0iUnIxTmIImDer9Aa_7No8:1w6hPh:o-mpGnzyqn4qowtyxdutUNP2pZ22Mu9WWfsFCbW_G3A", "expire_date": "2026-04-12T04:06:13.036Z"}}, {"model": "sessions.session", "pk": "axx3rjpxik3ku565dh3xdjqs3qvxdxtm", "fields": {"session_data": ".eJxVi80OwiAMgN-Fs1mADku9qQ9CurIGY9wSgZPx3Z3JDnr9fl4mcW8l9To_0y2bk3HOHH7hxHKfl69hkbUvrQ47qsO117Y-zlt72au_tXAt2wcaM40oFJHUi-eRAEPORFnBB7EappiBkJGOAGRJ2TsUVAJWsub9AaLbNbg:1w3lkz:nhNbK4N26E2NUAqlNHvzXJTpKuE5zhA4WmNCZpwU_d8", "expire_date": "2026-04-04T02:08:05.499Z"}}, {"model": "sessions.session", "pk": "b312makiih3vjhw4c2duh1ly0dec16rx", "fields": {"session_data": ".eJxVi0sOwiAQQO_C2jR8OtBxZz0IYQYIxtgmAivj3cWkC92-z0v40Fvxvaanv0VxFkqcfhkFvqftKwLz3rdWpwPV6dpr2x-X0a5H9beWUMv4ADPYRSarrWQjVaQ5MSjMnGbUFI1Bh-iWATiBJR0NzQQA2jjIyor3B3qgNWg:1w26lJ:53CIYM7B3cIRd4SBDYRlMr1pTpUSuUkXsai44w6kzTo", "expire_date": "2026-03-30T12:09:33.801Z"}}, {"model": "sessions.session", "pk": "bkf1owlqwbo22j27inhy381fvnlkh79a", "fields": {"session_data": ".eJxVi0sOwiAQQO_C2jQDLQXcWQ9CZgYmGGObCKyMd9cmXej2fV4qYm8l9pqf8ZbUWWl1-mWEfM_rLpB562urw4HqcO21bY_Lt12O6m8tWMv-OS8BBTk5aykYDYZTAJOF2AOMNBsRmZIlBHSzJ0iUnIxTmIImDer9Aa_7No8:1w6huu:KYpmjNcAG8oNcPXDtZcK0dMeXiDT43OZxRFOZb2Q6Mk", "expire_date": "2026-04-12T04:38:28.835Z"}}, {"model": "sessions.session", "pk": "buxeodipkwtqdbemlwjj1pxab1mxe7cl", "fields": {"session_data": ".eJxVi0sOwiAQQO_C2jQDLQXcWQ9CZgYmGGObCKyMd9cmXej2fV4qYm8l9pqf8ZbUWWl1-mWEfM_rLpB562urw4HqcO21bY_Lt12O6m8tWMv-OS8BBTk5aykYDYZTAJOF2AOMNBsRmZIlBHSzJ0iUnIxTmIImDer9Aa_7No8:1w7ZwE:PssA6L-E0IfGoTCl6vRhHEyRhOwyNgNhj0F656LDMQY", "expire_date": "2026-04-14T14:19:26.745Z"}}, {"model": "sessions.session", "pk": "bz6vbauktpa5odjd2k7wv1e7exhqrkqx", "fields": {"session_data": ".eJxVi0sOwiAQQO_C2jR8OtBxZz0IYQYIxtgmAivj3cWkC92-z0v40Fvxvaanv0VxFkqcfhkFvqftKwLz3rdWpwPV6dpr2x-X0a5H9beWUMv4ADPYRSarrWQjVaQ5MSjMnGbUFI1Bh-iWATiBJR0NzQQA2jjIyor3B3qgNWg:1w1sz0:4RTpoMOftWWddjUgzVPdNviFwYWE6A204i3XsaTawy0", "expire_date": "2026-03-29T21:26:46.020Z"}}, {"model": "sessions.session", "pk": "c0qe3e0wix324iz1drq8owh4nnsbfrlg", "fields": {"session_data": ".eJxVi0sOwiAQQO_C2jQDLQXcWQ9CZgYmGGObCKyMd9cmXej2fV4qYm8l9pqf8ZbUWWl1-mWEfM_rLpB562urw4HqcO21bY_Lt12O6m8tWMv-OS8BBTk5aykYDYZTAJOF2AOMNBsRmZIlBHSzJ0iUnIxTmIImDer9Aa_7No8:1w70tO:IAH--VEYfSgu7YkQ9MLKJ9JmPdsNBs57iK8BJgZVns4", "expire_date": "2026-04-13T00:54:10.530Z"}}, {"model": "sessions.session", "pk": "c1hqxhhktyrct4ofd8mb0rpu95qtg0cn", "fields": {"session_data": ".eJxVi0sOwiAQQO_C2jQDLQXcWQ9CZgYmGGObCKyMd9cmXej2fV4qYm8l9pqf8ZbUWWl1-mWEfM_rLpB562urw4HqcO21bY_Lt12O6m8tWMv-OS8BBTk5aykYDYZTAJOF2AOMNBsRmZIlBHSzJ0iUnIxTmIImDer9Aa_7No8:1w2VLh:W6UOVSodjI2PVp0k4pKNGf1768cyCJtRJItP6oM-3U0", "expire_date": "2026-03-31T14:24:45.506Z"}}, {"model": "sessions.session", "pk": "ccyx0yv9n3bg5b0z4mrz2kgy53pmhlg7", "fields": {"session_data": ".eJxVi0sOwiAQQO_C2jR8OtBxZz0IYQYIxtgmAivj3cWkC92-z0v40Fvxvaanv0VxFkqcfhkFvqftKwLz3rdWpwPV6dpr2x-X0a5H9beWUMv4ADPYRSarrWQjVaQ5MSjMnGbUFI1Bh-iWATiBJR0NzQQA2jjIyor3B3qgNWg:1w1nmV:sfUAtlA8dV9bpLV8y_qAiPPG-OOInrOXSEe5uth07-g", "expire_date": "2026-03-29T15:53:31.391Z"}}, {"model": "sessions.session", "pk": "chg8vgaxl95s76m5mtvve7p1nic0i3ob", "fields": {"session_data": ".eJxVi0sOwiAQQO_C2jR8OtBxZz0IYQYIxtgmAivj3cWkC92-z0v40Fvxvaanv0VxFkqcfhkFvqftKwLz3rdWpwPV6dpr2x-X0a5H9beWUMv4ADPYRSarrWQjVaQ5MSjMnGbUFI1Bh-iWATiBJR0NzQQA2jjIyor3B3qgNWg:1w1lWV:HWOX0noPVE0UmjXUW0BqNvc5uqavHBm7EkRxEbyQ4V0", "expire_date": "2026-03-29T13:28:51.554Z"}}, {"model": "sessions.session", "pk": "cih6gx4ropg5ku6ktbtc1fr6zshqjgke", "fields": {"session_data": ".eJxVi80OwiAMgN-Fs1mADku9qQ9CurIGY9wSgZPx3Z3JDnr9fl4mcW8l9To_0y2bk3HOHH7hxHKfl69hkbUvrQ47qsO117Y-zlt72au_tXAt2wcaM40oFJHUi-eRAEPORFnBB7EappiBkJGOAGRJ2TsUVAJWsub9AaLbNbg:1w3lmU:_F46augOi4_8s0DDGfzCmm7epjWVv9I2U3NkHWXV4SY", "expire_date": "2026-04-04T02:09:38.262Z"}}, {"model": "sessions.session", "pk": "eg7qzqdh7k2ohzqzlpcsdm54pyyx72zs", "fields": {"session_data": ".eJxVi0sOwiAQQO_C2jQDLQXcWQ9CZgYmGGObCKyMd9cmXej2fV4qYm8l9pqf8ZbUWWl1-mWEfM_rLpB562urw4HqcO21bY_Lt12O6m8tWMv-OS8BBTk5aykYDYZTAJOF2AOMNBsRmZIlBHSzJ0iUnIxTmIImDer9Aa_7No8:1w6iMz:RgRwUi7weFIgwbDAGHGz5bbSjsz7wB6OqFV6Seur2_4", "expire_date": "2026-04-12T05:07:29.956Z"}}, {"model": "sessions.session", "pk": "f2et198sr4uo71rophlofpyerfqocl5c", "fields": {"session_data": ".eJxVi0sOwiAQQO_C2jQDLQXcWQ9CZgYmGGObCKyMd9cmXej2fV4qYm8l9pqf8ZbUWWl1-mWEfM_rLpB562urw4HqcO21bY_Lt12O6m8tWMv-OS8BBTk5aykYDYZTAJOF2AOMNBsRmZIlBHSzJ0iUnIxTmIImDer9Aa_7No8:1w6qTM:H854wKqOwTmI29bWqWddEXcBQBSSNt_355qhN3Y0gkY", "expire_date": "2026-04-12T13:46:36.198Z"}}, {"model": "sessions.session", "pk": "h08a8yf5ildvnnqr1fmgnajh0cxq88eu", "fields": {"session_data": ".eJxVi0sOwiAQQO_C2jQDLQXcWQ9CZgYmGGObCKyMd9cmXej2fV4qYm8l9pqf8ZbUWWl1-mWEfM_rLpB562urw4HqcO21bY_Lt12O6m8tWMv-OS8BBTk5aykYDYZTAJOF2AOMNBsRmZIlBHSzJ0iUnIxTmIImDer9Aa_7No8:1w4KsR:ThlDo05h15AkJalqiqFGRgIXKvzK27_qnkK5r8gwuMM", "expire_date": "2026-04-05T15:38:07.049Z"}}, {"model": "sessions.session", "pk": "k0rtlyd0s42rm5dio0cot5k7nog1xj7o", "fields": {"session_data": ".eJxVi80OwiAMgN-Fs1mADku9qQ9CurIGY9wSgZPx3Z3JDnr9fl4mcW8l9To_0y2bk3HOHH7hxHKfl69hkbUvrQ47qsO117Y-zlt72au_tXAt2wcaM40oFJHUi-eRAEPORFnBB7EappiBkJGOAGRJ2TsUVAJWsub9AaLbNbg:1w6Tsw:bnqDiL6KUsIxXVxt_iGEwMiLGjPuJ-uYjAWMz4Px_Hk", "expire_date": "2026-04-11T13:39:30.898Z"}}, {"model": "sessions.session", "pk": "l45pfy18bnalr76x19dz3g2ssocippiq", "fields": {"session_data": ".eJxVi0sOwiAQQO_C2jQDLQXcWQ9CZgYmGGObCKyMd9cmXej2fV4qYm8l9pqf8ZbUWWl1-mWEfM_rLpB562urw4HqcO21bY_Lt12O6m8tWMv-OS8BBTk5aykYDYZTAJOF2AOMNBsRmZIlBHSzJ0iUnIxTmIImDer9Aa_7No8:1w3eAC:YsKbB3SLKcKVefPwgcBNfC66scT4NNxbEpwhLAdZ_Q8", "expire_date": "2026-04-03T18:01:36.093Z"}}, {"model": "sessions.session", "pk": "md73qlll9r89bwd308cx22efjf9p4yjf", "fields": {"session_data": ".eJxVi0sOwiAQQO_C2jR8OtBxZz0IYQYIxtgmAivj3cWkC92-z0v40Fvxvaanv0VxFkqcfhkFvqftKwLz3rdWpwPV6dpr2x-X0a5H9beWUMv4ADPYRSarrWQjVaQ5MSjMnGbUFI1Bh-iWATiBJR0NzQQA2jjIyor3B3qgNWg:1w1vv2:stOrzvr-P-5fdNunP5j6XpP00TRpe6O9UVUynMEhu6I", "expire_date": "2026-03-30T00:34:52.238Z"}}, {"model": "sessions.session", "pk": "o9escf111nqs68s60gxa6avxruabhjsm", "fields": {"session_data": ".eJxVi0EOwiAQRe_C2jRALTO4Uw9CpsMQjLFNBFamdy8mXejib95_76MCtZpDK_IOj6guCtTpl83ET1m-BzGvballOFAZ7q3U9XXt7u2w_tJMJffOJ3Qo7HRMzM7ac5-xnkGY4kzaJkEwhBF1SiBghacRR_BTt8QYte2eljX0:1w2FPm:cq8AVSWRltmCryEjXz52Fi7LIO6AJIrASTaFcW9srfc", "expire_date": "2026-03-30T21:23:54.511Z"}}, {"model": "sessions.session", "pk": "pk2ldim060gifog93ex9o8cuqvd94m4i", "fields": {"session_data": ".eJxVi0sOwiAQQO_C2jQDLQXcWQ9CZgYmGGObCKyMd9cmXej2fV4qYm8l9pqf8ZbUWWl1-mWEfM_rLpB562urw4HqcO21bY_Lt12O6m8tWMv-OS8BBTk5aykYDYZTAJOF2AOMNBsRmZIlBHSzJ0iUnIxTmIImDer9Aa_7No8:1w6haM:ydHKMqXPYBer6qIJW-YyV78hhfBGndvHTXOGh1jf4eE", "expire_date": "2026-04-12T04:17:14.442Z"}}, {"model": "sessions.session", "pk": "q5f7o1izhjkpiadealwd1f91512d1h2h", "fields": {"session_data": ".eJxVi0sOwiAQQO_C2jR8OtBxZz0IYQYIxtgmAivj3cWkC92-z0v40Fvxvaanv0VxFkqcfhkFvqftKwLz3rdWpwPV6dpr2x-X0a5H9beWUMv4ADPYRSarrWQjVaQ5MSjMnGbUFI1Bh-iWATiBJR0NzQQA2jjIyor3B3qgNWg:1w1nwO:u0IwdcmOyQzthBDumTYW-YuawJ9vsMYIgwxPZEBT2rk", "expire_date": "2026-03-29T16:03:44.843Z"}}, {"model": "sessions.session", "pk": "qwutlkegskehq4pbe8jx2t95v6u2o0gl", "fields": {"session_data": ".eJxVi0sOwiAQQO_C2jR8OtBxZz0IYQYIxtgmAivj3cWkC92-z0v40Fvxvaanv0VxFkqcfhkFvqftKwLz3rdWpwPV6dpr2x-X0a5H9beWUMv4ADPYRSarrWQjVaQ5MSjMnGbUFI1Bh-iWATiBJR0NzQQA2jjIyor3B3qgNWg:1w248E:r-CTsMtsOELngRj-6oQhcp9NjzXgNzoHSJkjBjauSTU", "expire_date": "2026-03-30T09:21:02.817Z"}}, {"model": "sessions.session", "pk": "t5prdbrssiemponypwdag147iv9duefp", "fields": {"session_data": ".eJxVi0sOwiAQQO_C2jQDLQXcWQ9CZgYmGGObCKyMd9cmXej2fV4qYm8l9pqf8ZbUWWl1-mWEfM_rLpB562urw4HqcO21bY_Lt12O6m8tWMv-OS8BBTk5aykYDYZTAJOF2AOMNBsRmZIlBHSzJ0iUnIxTmIImDer9Aa_7No8:1w7NUM:x6XoxgvlHwwtmBpahLAUagEn2WhT5xA3tVQF2bTjYQQ", "expire_date": "2026-04-14T01:01:50.201Z"}}, {"model": "sessions.session", "pk": "ttyh8zzft9xfpwtxfkc3srj2z1ewglre", "fields": {"session_data": ".eJxVi0sOwiAQQO_C2jQDLQXcWQ9CZgYmGGObCKyMd9cmXej2fV4qYm8l9pqf8ZbUWWl1-mWEfM_rLpB562urw4HqcO21bY_Lt12O6m8tWMv-OS8BBTk5aykYDYZTAJOF2AOMNBsRmZIlBHSzJ0iUnIxTmIImDer9Aa_7No8:1w7jzE:EDrEGbbEPzFY-DRIq5o8ytYy9HFeDxkuCfMf0JC3NOw", "expire_date": "2026-04-15T01:03:12.464Z"}}, {"model": "sessions.session", "pk": "uf1ajzkv5ordgm0gcj8m5pzk9umg2zfe", "fields": {"session_data": ".eJxVi80OwiAMgN-Fs1mADku9qQ9CurIGY9wSgZPx3Z3JDnr9fl4mcW8l9To_0y2bk3HOHH7hxHKfl69hkbUvrQ47qsO117Y-zlt72au_tXAt2wcaM40oFJHUi-eRAEPORFnBB7EappiBkJGOAGRJ2TsUVAJWsub9AaLbNbg:1w4Kb3:ZlbCbipsIq4XCIlvu0j0wG-ymyJTf3cJnsQvQRVMU98", "expire_date": "2026-04-05T15:20:09.634Z"}}, {"model": "sessions.session", "pk": "ufue6b0wcigv0hlks335ked7cwdzpm84", "fields": {"session_data": ".eJxVi0sOwiAQQO_C2jQDLQXcWQ9CZgYmGGObCKyMd9cmXej2fV4qYm8l9pqf8ZbUWWl1-mWEfM_rLpB562urw4HqcO21bY_Lt12O6m8tWMv-OS8BBTk5aykYDYZTAJOF2AOMNBsRmZIlBHSzJ0iUnIxTmIImDer9Aa_7No8:1w6i2K:5CpWSmo0bHgit37X9jgYb2DphEtl7D852EbHQ8rJFWk", "expire_date": "2026-04-12T04:46:08.140Z"}}, {"model": "sessions.session", "pk": "uh6pskbbrfpmjqaxjhpo2k5ulduk02tz", "fields": {"session_data": ".eJxVi0sOwiAQQO_C2jQDLQXcWQ9CZgYmGGObCKyMd9cmXej2fV4qYm8l9pqf8ZbUWWl1-mWEfM_rLpB562urw4HqcO21bY_Lt12O6m8tWMv-OS8BBTk5aykYDYZTAJOF2AOMNBsRmZIlBHSzJ0iUnIxTmIImDer9Aa_7No8:1w2FWm:3Z8Li88Zoss7ijNBk_GwEz57EaIDQojZOE9eQ7OcpBU", "expire_date": "2026-03-30T21:31:08.319Z"}}, {"model": "sessions.session", "pk": "v62r50qg4yrc5tzy034j1w5gxcdd1fgv", "fields": {"session_data": ".eJxVi0sOwiAQQO_C2jQDLQXcWQ9CZgYmGGObCKyMd9cmXej2fV4qYm8l9pqf8ZbUWWl1-mWEfM_rLpB562urw4HqcO21bY_Lt12O6m8tWMv-OS8BBTk5aykYDYZTAJOF2AOMNBsRmZIlBHSzJ0iUnIxTmIImDer9Aa_7No8:1w76q1:Q0CQEk0sUPo-8ECv9EU0W2bghB_2nrUdkMVy17BsHmo", "expire_date": "2026-04-13T07:15:05.904Z"}}, {"model": "sessions.session", "pk": "vp7yf6h28o6uofiu6bcfoeudlom5qdcd", "fields": {"session_data": ".eJxVi0sOwiAQQO_C2jR8OtBxZz0IYQYIxtgmAivj3cWkC92-z0v40Fvxvaanv0VxFkqcfhkFvqftKwLz3rdWpwPV6dpr2x-X0a5H9beWUMv4ADPYRSarrWQjVaQ5MSjMnGbUFI1Bh-iWATiBJR0NzQQA2jjIyor3B3qgNWg:1w1nZa:R69C6Lc5Z1wai3cSQ5Kr89PnKtAnrDJrXIbk9IP_IDU", "expire_date": "2026-03-29T15:40:10.514Z"}}, {"model": "sessions.session", "pk": "vvxqwxksnqoyyr4jlqgo29d4hnrnchx4", "fields": {"session_data": ".eJxVi0sOwiAQQO_C2jR8OtBxZz0IYQYIxtgmAivj3cWkC92-z0v40Fvxvaanv0VxFkqcfhkFvqftKwLz3rdWpwPV6dpr2x-X0a5H9beWUMv4ADPYRSarrWQjVaQ5MSjMnGbUFI1Bh-iWATiBJR0NzQQA2jjIyor3B3qgNWg:1w1wN6:nnamWM1V0gsH5wChB_XJz-S-hgDVuufRhJDYL9gHlCY", "expire_date": "2026-03-30T01:03:52.395Z"}}, {"model": "sessions.session", "pk": "w0y7mt6m2kb4nmdbnv69bau5jkjg4bw1", "fields": {"session_data": ".eJxVi0sOwiAQQO_C2jQDLQXcWQ9CZgYmGGObCKyMd9cmXej2fV4qYm8l9pqf8ZbUWWl1-mWEfM_rLpB562urw4HqcO21bY_Lt12O6m8tWMv-OS8BBTk5aykYDYZTAJOF2AOMNBsRmZIlBHSzJ0iUnIxTmIImDer9Aa_7No8:1w6p0K:iZ9A8215XP5PIQ6ZFiJd8ysJYCQG4fYL_00l4i9q5bA", "expire_date": "2026-04-12T12:12:32.959Z"}}, {"model": "sessions.session", "pk": "xaqa4b13v966r37bv2ajtgyjouqo03zo", "fields": {"session_data": ".eJxVi80OwiAMgN-Fs1mADku9qQ9CurIGY9wSgZPx3Z3JDnr9fl4mcW8l9To_0y2bk3HOHH7hxHKfl69hkbUvrQ47qsO117Y-zlt72au_tXAt2wcaM40oFJHUi-eRAEPORFnBB7EappiBkJGOAGRJ2TsUVAJWsub9AaLbNbg:1w4hn2:V34Dq3VO-be1zP9zV5_rS3SYMeDRI7htuq7M-0YD-Zo", "expire_date": "2026-04-06T16:06:04.541Z"}}, {"model": "sessions.session", "pk": "xgyr7uf6ikt5vuql4waqd0c5uot85nct", "fields": {"session_data": ".eJxVi80OwiAMgN-Fs1mADku9qQ9CurIGY9wSgZPx3Z3JDnr9fl4mcW8l9To_0y2bk3HOHH7hxHKfl69hkbUvrQ47qsO117Y-zlt72au_tXAt2wcaM40oFJHUi-eRAEPORFnBB7EappiBkJGOAGRJ2TsUVAJWsub9AaLbNbg:1w43UN:9lEYmsm97VTZzQulCuqXRScTEmRuPU0-UxJxCRtjv4c", "expire_date": "2026-04-04T21:04:07.658Z"}}, {"model": "accounts.user", "pk": 1, "fields": {"password": "pbkdf2_sha256$1200000$KVoLaXbJTQGlJlhjtVxQoi$Rej6ZeYLbuVzPGsF3rimkVKoH+y3UYJJ+HaLv5fEK+I=", "last_login": "2026-04-01T01:03:12.443Z", "is_superuser": true, "username": "admin", "first_name": "", "last_name": "", "email": "admin@django.com", "is_staff": true, "is_active": true, "date_joined": "2026-03-15T12:12:00Z", "image": "profile_pics/Screenshot_2026-03-19-15-40-25-976_com.dts.freefiremax.jpg", "hobi": "Makan", "jenis_kelamin": "L", "location": "Ina", "website": "http://comunity.django.com", "date_of_birth": null, "is_verified": false, "bio": "Belum bisa di muat", "role": "admin", "theme": "neon", "dark_mode": false, "is_banned": false, "ban_reason": "", "groups": [], "user_permissions": []}}, {"model": "accounts.user", "pk": 11, "fields": {"password": "pbkdf2_sha256$1200000$VGIPqrLKMuslry1smvJXNs$yWyE3E1vHxnF9WB5MOuExxmBlSaZKBKKywdKbbBOidQ=", "last_login": "2026-03-31T00:48:05.607Z", "is_superuser": false, "username": "Beny", "first_name": "", "last_name": "", "email": "Beny@django.com", "is_staff": false, "is_active": true, "date_joined": "2026-03-17T13:55:14.658Z", "image": "default.jpg", "hobi": "", "jenis_kelamin": "", "location": "", "website": "", "date_of_birth": null, "is_verified": false, "bio": "", "role": "member", "theme": "soft", "dark_mode": false, "is_banned": false, "ban_reason": "", "groups": [], "user_permissions": []}}, {"model": "accounts.user", "pk": 12, "fields": {"password": "pbkdf2_sha256$1200000$Zqv0NmdfVPAnwY0evzKDQT$TzkGkzbTuEhR8GAX6uAk/abGSiKOzt3C2Q8gszWrSYs=", "last_login": "2026-03-31T02:25:04.945Z", "is_superuser": false, "username": "Maman", "first_name": "", "last_name": "", "email": "Maman@django.com", "is_staff": false, "is_active": true, "date_joined": "2026-03-21T01:21:10.898Z", "image": "default.jpg", "hobi": "", "jenis_kelamin": "", "location": "", "website": "", "date_of_birth": null, "is_verified": false, "bio": "", "role": "member", "theme": "navy", "dark_mode": false, "is_banned": false, "ban_reason": "", "groups": [], "user_permissions": []}}, {"model": "accounts.follow", "pk": 13, "fields": {"follower": 12, "following": 1, "created_at": "2026-03-28T14:22:07.613Z"}}, {"model": "accounts.follow", "pk": 14, "fields": {"follower": 12, "following": 11, "created_at": "2026-03-28T14:22:09.047Z"}}, {"model": "accounts.follow", "pk": 30, "fields": {"follower": 1, "following": 12, "created_at": "2026-03-29T05:07:46.226Z"}}, {"model": "accounts.follow", "pk": 31, "fields": {"follower": 1, "following": 11, "created_at": "2026-03-29T10:26:57.134Z"}}, {"model": "accounts.follow", "pk": 32, "fields": {"follower": 11, "following": 12, "created_at": "2026-03-31T00:42:56.862Z"}}, {"model": "blog.category", "pk": 1, "fields": {"name": "Umum", "slug": "umum"}}, {"model": "blog.post", "pk": 1, "fields": {"title": "Tes", "slug": "tes", "category": 1, "author": 1, "image": "", "content": "Teuing", "status": "published", "views": 10, "created_at": "2026-03-15T12:15:11.349Z", "updated_at": "2026-03-15T12:15:11.350Z"}}, {"model": "blog.post", "pk": 2, "fields": {"title": "Cek", "slug": "cek", "category": 1, "author": 1, "image": "", "content": "Pengecekan", "status": "published", "views": 17, "created_at": "2026-03-20T18:02:34.797Z", "updated_at": "2026-03-20T18:02:34.797Z"}}, {"model": "blog.post", "pk": 3, "fields": {"title": "Percobaan", "slug": "percobaan", "category": 1, "author": 12, "image": "", "content": "Bagaimnaa", "status": "published", "views": 13, "created_at": "2026-03-31T02:25:23.504Z", "updated_at": "2026-03-31T02:26:10.544Z"}}, {"model": "blog.comment", "pk": 1, "fields": {"post": 1, "author": 1, "content": "Mantap", "parent": null, "is_active": true, "created_at": "2026-03-16T09:32:04.307Z"}}, {"model": "blog.comment", "pk": 2, "fields": {"post": 2, "author": 1, "content": "Testing", "parent": null, "is_active": true, "created_at": "2026-03-29T03:50:38.654Z"}}, {"model": "blog.comment", "pk": 3, "fields": {"post": 3, "author": 1, "content": "Waw", "parent": null, "is_active": true, "created_at": "2026-04-01T13:18:18.154Z"}}, {"model": "blog.postlike", "pk": 1, "fields": {"post": 1, "user": 1}}, {"model": "blog.postlike", "pk": 2, "fields": {"post": 2, "user": 1}}, {"model": "forum.category", "pk": 1, "fields": {"name": "Umum", "slug": "Umum"}}, {"model": "forum.thread", "pk": 1, "fields": {"title": "Tes", "slug": "Tes", "author": 1, "category": 1, "content": "Bxbskism\r\nmkKsj sbzjis snkakans", "views": 0, "status": "open", "created_at": "2026-03-15T12:15:51.242Z", "updated_at": "2026-03-15T12:15:51.242Z"}}, {"model": "forum.thread", "pk": 2, "fields": {"title": "Permulaan", "slug": "Awal", "author": 1, "category": 1, "content": "Apa permulaan itu....", "views": 0, "status": "open", "created_at": "2026-03-31T01:03:38.834Z", "updated_at": "2026-03-31T01:03:38.834Z"}}, {"model": "forum.reply", "pk": 1, "fields": {"thread": 1, "author": 1, "content": "Tes", "parent": null, "created_at": "2026-03-20T18:02:09.357Z"}}, {"model": "notifications.notification", "pk": 1, "fields": {"user": 12, "sender": 11, "notif_type": "follow", "post_slug": null, "thread_id": null, "is_read": true, "created_at": "2026-03-28T13:51:11.826Z"}}, {"model": "notifications.notification", "pk": 2, "fields": {"user": 1, "sender": 11, "notif_type": "follow", "post_slug": null, "thread_id": null, "is_read": true, "created_at": "2026-03-28T13:51:50.554Z"}}, {"model": "notifications.notification", "pk": 3, "fields": {"user": 1, "sender": 12, "notif_type": "follow", "post_slug": null, "thread_id": null, "is_read": true, "created_at": "2026-03-28T14:22:07.644Z"}}, {"model": "notifications.notification", "pk": 4, "fields": {"user": 11, "sender": 12, "notif_type": "follow", "post_slug": null, "thread_id": null, "is_read": true, "created_at": "2026-03-28T14:22:09.081Z"}}, {"model": "notifications.notification", "pk": 5, "fields": {"user": 12, "sender": 1, "notif_type": "follow", "post_slug": null, "thread_id": null, "is_read": true, "created_at": "2026-03-29T04:09:04.506Z"}}, {"model": "notifications.notification", "pk": 6, "fields": {"user": 11, "sender": 1, "notif_type": "follow", "post_slug": null, "thread_id": null, "is_read": true, "created_at": "2026-03-29T04:09:21.830Z"}}, {"model": "notifications.notification", "pk": 7, "fields": {"user": 12, "sender": 1, "notif_type": "comment", "post_slug": "percobaan", "thread_id": null, "is_read": false, "created_at": "2026-04-01T13:18:18.202Z"}}, {"model": "chat.conversation", "pk": 4, "fields": {"created_at": "2026-03-16T21:14:51.522Z", "participants": []}}, {"model": "chat.conversation", "pk": 6, "fields": {"created_at": "2026-03-21T01:21:22.658Z", "participants": [11, 12]}}, {"model": "chat.conversation", "pk": 7, "fields": {"created_at": "2026-03-22T06:15:14.672Z", "participants": [1, 12]}}, {"model": "chat.message", "pk": 53, "fields": {"conversation": 6, "sender": 12, "content": "Hai", "is_read": true, "created_at": "2026-03-21T01:21:26.551Z"}}, {"model": "chat.message", "pk": 54, "fields": {"conversation": 6, "sender": 12, "content": "Hai", "is_read": true, "created_at": "2026-03-21T02:01:20.406Z"}}, {"model": "chat.message", "pk": 56, "fields": {"conversation": 6, "sender": 11, "content": "Kumhaan man", "is_read": true, "created_at": "2026-03-21T04:17:16.073Z"}}, {"model": "chat.message", "pk": 63, "fields": {"conversation": 6, "sender": 12, "content": "Waw", "is_read": true, "created_at": "2026-03-21T21:03:13.761Z"}}, {"model": "chat.message", "pk": 64, "fields": {"conversation": 6, "sender": 12, "content": "Wow", "is_read": true, "created_at": "2026-03-21T21:03:26.317Z"}}, {"model": "chat.message", "pk": 65, "fields": {"conversation": 6, "sender": 12, "content": "Kunaon", "is_read": true, "created_at": "2026-03-21T21:03:44.365Z"}}, {"model": "chat.message", "pk": 66, "fields": {"conversation": 6, "sender": 11, "content": "Testing", "is_read": true, "created_at": "2026-03-21T21:04:29.492Z"}}, {"model": "chat.message", "pk": 69, "fields": {"conversation": 7, "sender": 12, "content": "Halo", "is_read": true, "created_at": "2026-03-22T06:15:19.667Z"}}, {"model": "chat.message", "pk": 70, "fields": {"conversation": 7, "sender": 12, "content": "Kumaha", "is_read": true, "created_at": "2026-03-22T06:15:42.472Z"}}, {"model": "chat.message", "pk": 75, "fields": {"conversation": 7, "sender": 1, "content": "Eta kumaha", "is_read": true, "created_at": "2026-03-22T14:58:11.241Z"}}, {"model": "chat.message", "pk": 76, "fields": {"conversation": 6, "sender": 11, "content": "Woy", "is_read": true, "created_at": "2026-03-22T15:09:31.576Z"}}, {"model": "chat.message", "pk": 78, "fields": {"conversation": 6, "sender": 12, "content": "Kumaha", "is_read": true, "created_at": "2026-03-22T15:13:10.641Z"}}, {"model": "chat.message", "pk": 79, "fields": {"conversation": 7, "sender": 12, "content": "Yeuing", "is_read": true, "created_at": "2026-03-22T15:13:20.928Z"}}, {"model": "chat.message", "pk": 80, "fields": {"conversation": 6, "sender": 11, "content": "Eta kumah", "is_read": true, "created_at": "2026-03-22T15:20:20.355Z"}}, {"model": "chat.message", "pk": 83, "fields": {"conversation": 6, "sender": 12, "content": "Teswe", "is_read": true, "created_at": "2026-03-22T15:45:14.295Z"}}, {"model": "chat.message", "pk": 84, "fields": {"conversation": 6, "sender": 11, "content": "Eker", "is_read": true, "created_at": "2026-03-23T16:06:35.862Z"}}, {"model": "chat.message", "pk": 85, "fields": {"conversation": 6, "sender": 11, "content": "Kmh", "is_read": true, "created_at": "2026-03-28T13:39:43.049Z"}}, {"model": "chat.message", "pk": 87, "fields": {"conversation": 6, "sender": 12, "content": "Siap", "is_read": true, "created_at": "2026-03-28T14:21:54.006Z"}}, {"model": "chat.message", "pk": 89, "fields": {"conversation": 7, "sender": 1, "content": "Kmha", "is_read": true, "created_at": "2026-03-28T14:44:14.181Z"}}, {"model": "chat.message", "pk": 90, "fields": {"conversation": 7, "sender": 12, "content": "Biasa", "is_read": true, "created_at": "2026-03-29T04:16:53.134Z"}}, {"model": "chat.message", "pk": 91, "fields": {"conversation": 7, "sender": 1, "content": "Mantap", "is_read": true, "created_at": "2026-03-29T10:26:47.763Z"}}, {"model": "chat.message", "pk": 93, "fields": {"conversation": 7, "sender": 12, "content": "Weleh weleh", "is_read": true, "created_at": "2026-03-29T13:58:14.102Z"}}, {"model": "chat.message", "pk": 94, "fields": {"conversation": 7, "sender": 1, "content": "Mantap", "is_read": false, "created_at": "2026-03-29T14:05:15.358Z"}}]
